9.166798939028870377e-04,5.851426525950198888e-08,6.645136656053306209e-11,1.512350474294190355e-12,1.193944991672734619e-23,-2.863716966801017540e-16,-9.343896418691513651e-24
1.363489473189874500e-03,7.562300552051834913e-07,5.779227036933209428e-10,9.944729242985133656e-11,-7.859081393900601881e-21,3.963265111292351990e-14,2.250839270780850300e-20
3.232512534575025624e-03,4.556474756493417634e-08,2.059701049953815358e-09,6.775589087063966719e-09,-2.530974414633181853e-17,1.344270966197010275e-12,-3.210166948536476383e-19
1.039827549866059853e+00,1.068852879079765783e+00,2.273966157923326854e-03,1.760705924941379777e-03,3.522347389185900852e-06,1.816913497956069903e-03,7.173730108214587304e-08
1.327878297349898611e-03,9.551887744830818870e-08,2.039284346536664152e-13,1.121866284613030996e-10,4.306727920517074947e-22,-3.274040699389712316e-14,-3.200942557401983738e-22
1.498556139971587552e-03,8.127951540444944251e-08,2.934627045537188871e-10,2.919689983638835023e-10,-8.256929264073833142e-20,-8.103819155498520968e-14,-2.205338498447064687e-20
2.674449768922170650e-02,3.134214270348356949e-04,2.488260304651980243e-04,2.163014434142559029e-04,4.847581333169434349e-08,3.721890838275547765e-06,1.296926549171692978e-08
1.944371203664601970e-03,1.027962746790521169e-07,1.191737696970865375e-08,8.757071358552326905e-09,5.955013211746615125e-17,1.618300019938876939e-12,6.675975712914580767e-17
1.662794779571031417e-03,1.187318013273711139e-07,4.854073949696948721e-09,2.007092933457996670e-09,1.356740971338833348e-19,-6.899691333939592926e-13,6.263290396713483759e-18
9.993061213712654042e-04,1.378222483447395520e-07,5.857863467101577150e-10,2.669751070138476800e-11,1.172878698155268422e-21,3.879023770008857903e-15,3.125890281845037503e-21
1.268843755035414366e-03,1.497622694462964828e-07,3.480243382283584211e-10,4.161481667237083765e-10,1.550805905984272434e-19,-7.277482781094330299e-15,-3.211719675477872438e-20
1.124921605137816239e-03,2.808931421563477749e-08,4.658720376463723942e-11,9.132268386238504996e-11,5.685162609538267833e-21,3.082506836936287735e-15,-1.777774166882237789e-21
4.608671408469149910e-01,1.601877491419410604e-01,5.155122155115270284e-03,5.898468746567624805e-04,9.773251200567802283e-07,1.532368984728552596e-05,3.205702845761508470e-07
2.855047523186164844e-03,2.070290842602649465e-06,4.351749472905036709e-09,2.504007810075497483e-09,5.852620995982120056e-18,1.265060227613195218e-12,-5.836990320258866892e-18
7.197442584121586679e-04,6.031162082981776259e-09,8.500962946410667680e-12,5.382908854738633259e-12,2.390049387893577445e-23,4.389092512700346545e-17,2.747166055217254820e-23
9.782823714176362533e-04,2.020309889243578228e-09,2.451498171125564166e-11,1.062136306403844273e-10,5.078328210306326403e-21,-3.154105549120986791e-15,1.893464539614541919e-21
8.104209548928031307e-04,2.933769236935598805e-08,5.874049697937846958e-11,6.289312195697592553e-12,-7.165414394910876684e-23,-1.060209123839935552e-15,9.735986070340814393e-23
1.550846058061549531e-03,1.490007663639938506e-07,1.434823075039791484e-09,1.328731420274661899e-10,5.800877913729410167e-20,-4.239960012070193841e-14,9.743814335123400306e-22
1.025465385377461857e-03,1.159536553409696584e-07,8.639556549258362405e-11,1.483772105755662168e-10,8.330144739172160733e-21,3.467202521728241555e-14,1.458876670180443307e-20
1.047725354552986364e-03,1.369331131250938141e-09,4.998528562361061225e-10,1.045647668361668154e-10,1.409168557550011600e-20,2.690121181000029703e-15,1.931063942451163060e-20
1.231094484260344783e-03,1.395576267078443951e-07,4.447445903474419463e-11,1.592972654258263171e-11,1.274868013325530864e-22,-5.851956312050406092e-15,-4.043819225730174851e-22
1.137291051655608953e-03,1.550301905481360572e-08,1.339848296539947946e-11,4.326804787774521978e-11,6.992102971376763241e-22,-2.838064909262007326e-15,7.722851017225014624e-22
8.736182975932034944e-04,2.739510497406487208e-08,1.918690270870865760e-10,1.705927137313524153e-11,2.771973466142390627e-22,-1.818493636534264872e-15,9.357929243227340618e-22
1.484209246143316889e-03,7.380386480359656831e-08,6.792526112726933966e-11,2.198761680452960022e-10,-2.541351703029540775e-20,-5.671476023858011365e-14,-8.729301037383875636e-21
1.488919242297571119e-03,3.561843802249157261e-08,1.025243881543392732e-10,2.368458227232268024e-10,-2.225106418915810642e-20,-2.495251488666711984e-14,-2.944551553661645794e-20
1.867598136153250394e-03,7.374094845222875210e-07,1.921470250032473106e-08,2.136787368180925039e-08,4.329222869202983894e-16,1.834674180031971143e-11,6.493650994672266490e-18
1.136814529507714899e-03,6.829835012544815327e-08,1.827491156703136307e-11,4.310149612406208891e-11,-1.067783567232638280e-21,-1.005776708008863471e-14,-5.684493899023134108e-22
8.124431085080866715e-04,9.976707717488174160e-08,5.343481875613584604e-11,3.068787582158936986e-11,-5.400094844576206312e-22,2.919475002614543367e-17,1.119225362395812501e-21
1.434732004979567517e-03,5.847384344060096434e-07,5.582563884428858920e-10,3.308971712531715684e-10,1.323715583542491059e-19,-2.327692170273920124e-13,5.199907539557976007e-20
2.261697332119247048e-03,2.703317296543128724e-07,1.956755723725704748e-09,1.185765856290153573e-09,-1.790744364507454831e-18,-5.652188449409986453e-13,2.358098341413877776e-19
2.459294238427256994e-03,8.203624909003826837e-07,3.821350428533939302e-09,1.467288007426668859e-09,-2.748665490253113674e-18,-1.145436184524712151e-12,2.125179081151180496e-18
1.906844432775737543e-03,3.337589307719575868e-07,1.100329139922078717e-09,1.580746371406556842e-09,-1.698450187183219776e-18,-8.296075866103586249e-13,1.208909357688154523e-18
1.042354157193126681e-03,1.109982764707993824e-07,8.963644166175726031e-12,3.510571100311528622e-11,6.198629691126171071e-22,-7.201612209578021227e-15,-5.982423342241722392e-23
2.166163562522698156e-03,6.302397449176395841e-07,1.591073439171345339e-09,1.502871325063789905e-09,-2.291956827855277485e-18,-1.179811406985077406e-12,-3.843216419111021228e-19
1.803280228703227350e-03,7.209515835765177608e-08,1.325669194057833233e-10,5.177414857881022333e-10,1.279345900418078853e-19,-7.439769296842748551e-14,4.506536017943371369e-20
1.635635909911077558e-03,3.283956994892159667e-07,4.255006067943391949e-10,4.023543381234551768e-11,1.292855742913785837e-22,1.447222550649587563e-14,-5.262984946280223038e-21
1.898849480562440732e-03,2.732260812519039890e-07,2.947032147213869343e-10,1.599975832869637739e-09,9.638062214832410886e-20,8.350863041059842204e-13,-1.094422425772214130e-18
2.059461708931149739e-03,3.227989216566268448e-08,4.268281278141703789e-10,1.687072488494750668e-09,-1.648936434590105198e-19,6.378946366768643101e-14,-1.422090011470643455e-18
1.046587709329114407e-03,3.253651511155233634e-08,1.403430830368256086e-11,4.890714578168114433e-11,-1.133396219708117919e-21,8.722760016019271952e-15,-5.976341451348747724e-22
2.811736936854459471e-03,3.435888856171386340e-06,3.184849562101813082e-08,3.929876987052833347e-08,1.361375859859846832e-15,6.350517118369603747e-11,-2.821857310418363069e-16
9.241167521730712237e-04,1.085698522689102277e-07,4.286302096422366325e-11,8.793640872989397147e-12,-7.646859840004419884e-23,-5.812156746006885647e-16,1.526408334733773697e-22
9.486699925195016649e-04,2.133451600033489370e-07,6.621729802613096779e-11,7.678084253679462907e-12,-1.728651489378756798e-22,1.922383628749451572e-15,-9.520019423892819176e-24
9.190038201354494042e-04,1.741538311567043325e-07,2.292085636359602043e-11,1.036701328953229446e-11,-1.253678775958439276e-22,1.838969209861260791e-15,-9.910189071676255195e-23
1.077035165419704685e-03,1.809168409451052938e-08,3.890597482270429918e-11,2.090302837362915735e-10,1.099161808213798905e-20,-2.557659115726151820e-14,-1.531418283127978117e-20
1.635527658441312225e-03,6.855245202025417491e-09,2.133979713552734910e-11,4.483630552854156226e-10,1.134234725318345376e-20,-1.348702729661719391e-15,4.236503326195571809e-20
1.009079183257237259e-03,1.958251879909062694e-07,2.767302955751367213e-10,3.799743426545283407e-11,-3.570214630811012122e-21,3.800303725874259007e-15,-1.560524490363076357e-21
1.255994079917823955e-03,1.450401748750951253e-07,5.965458381542805182e-10,9.880228727494145142e-11,2.271280391061280626e-20,3.048312551791086164e-14,7.713323654901503809e-21
8.680269992962094065e-04,1.843446258932970301e-07,1.009302543381314774e-10,1.648879783787510030e-12,2.127044953001432608e-23,4.793280304670051633e-16,1.909830757545715421e-25
1.002310419811234133e-03,2.632073665419010408e-07,4.749009993275890079e-10,2.537825193641066769e-11,-4.647746843291118187e-22,4.110472998289371068e-15,-2.747042899769106145e-21
1.094318269929389761e-03,4.174335055724431914e-07,8.581856719988023402e-11,1.071541097503437085e-11,1.393220502847916283e-22,6.790348182269115716e-15,2.935569985244709297e-22
1.354700437663490433e-03,6.455893281213900884e-08,1.218976054617095940e-10,2.766809537459055635e-10,-1.919888795221265567e-20,2.682005789120672387e-14,4.704534356471554384e-20
1.353728887159472410e-03,3.386330436181100471e-08,1.568183011064385018e-10,7.137796555162645173e-10,-1.657692346685007341e-19,1.226779375793762790e-13,1.718973683253282392e-19
9.743719030093781278e-04,1.106821586722483360e-07,2.056136132519521703e-10,6.783847557390995509e-12,-1.479725970259391692e-24,1.134340378369289751e-15,-2.533568470307127892e-22
1.556339539475890509e-03,7.609915340516446506e-07,1.457895244959741394e-10,8.719816760684879517e-10,1.444699757575307033e-19,-6.684381493691213724e-13,-2.752976267294929814e-19
1.135035864357307467e-03,5.467202866645327569e-08,6.491989779284717983e-12,6.459331836348708085e-11,7.301652666689297477e-22,-1.098172764406977670e-14,1.102935229345172370e-21
1.673434389422740268e-03,2.718691521474926886e-08,7.560455228315009859e-12,4.084005111732864259e-10,-1.904582267594825030e-20,-1.585139260916034604e-14,1.233920996078905052e-20
1.056255147233388977e-03,3.826180239845962788e-09,5.570343258971360494e-11,7.302280298983769149e-11,1.295219578465077839e-21,-2.281581616477585380e-15,4.473511102863831218e-21
4.439054612688164529e-03,1.061268403211912390e-05,2.491064815685915041e-08,1.467403995319824246e-08,2.235336222261391409e-16,2.772513961403604301e-11,-1.695390284974669797e-16
1.147562888142738581e-03,2.390867715370915136e-07,1.853437182072621393e-10,1.183492546748306742e-10,-6.606636044434745374e-21,-4.068633899925853796e-14,1.623545574075959263e-20
1.207998363221324603e-03,1.320075743473843481e-07,8.803646420227728788e-12,2.884065121414451240e-11,4.064865254180964636e-22,9.104931494314527153e-16,-2.143848369034175274e-22
1.394220253808972805e-03,1.915940954801365519e-08,1.384256765872754798e-10,2.756235502185326082e-10,5.340977552895815696e-20,-3.748109020286705597e-14,6.770864413270424724e-21
1.058302393672206493e-03,2.757592295725419794e-08,1.127691388039937790e-10,3.782198655335770352e-11,-6.237396247603805493e-22,4.067643573936997420e-16,2.390033767341780640e-21
1.034051960653953979e-03,3.484134413345767662e-07,1.630288353455872301e-10,7.568678643461958829e-12,1.376455517141849810e-22,-1.847430062079855555e-15,-2.274604860278010219e-22
8.798591713385671203e-04,2.524560692072053881e-08,4.387950204546859126e-11,3.382218348075828896e-11,1.234818680240577327e-21,-3.874033252789228916e-15,-4.158665334956567736e-22
9.495629453577465523e-04,1.777050874123487545e-07,3.536824256125190989e-11,1.743951251553613828e-11,1.736427274280376827e-22,1.753461734129767286e-15,3.967885445051793472e-22
1.274683882819181236e-03,8.022991759542584272e-07,3.133675535482915529e-10,2.997672658728653781e-11,2.709610106689640943e-21,2.364439281452948816e-14,-1.048456403639814949e-21
1.216841674921024206e-03,1.342801654383418779e-07,1.822730282189201452e-10,4.939405633231056890e-11,4.591948076907436084e-22,-1.527603308533144710e-14,4.664216216586834418e-21
1.382740312347441021e-03,4.952233564031710147e-07,1.847848956399101231e-10,1.009270675674554135e-10,7.514441086576269344e-23,-6.024293540738691790e-14,1.378282565189466791e-20
1.137887239705561793e-03,2.795325349842974912e-07,5.845085099537796925e-11,4.257975923683791974e-11,-1.534046785015011160e-21,-1.869634905054163304e-14,1.469362513331445852e-21
9.706727625615194695e-04,5.303703867952527258e-08,8.008837441107202907e-11,7.315256477298120007e-11,5.584679553318770098e-21,1.180182595944126585e-14,4.035365628068811826e-22
9.726083451349544929e-04,1.819506324232897643e-09,2.576304761577574145e-10,4.741823496061842707e-11,5.164138343662889709e-21,-1.622802595691437755e-15,8.944701293245723038e-22
1.046841298502062222e-03,3.691334655180643493e-07,4.075046583249188991e-10,9.950746358089171772e-12,-6.281376476069750848e-22,-1.475013186511896593e-15,8.340285344983538846e-23
9.523545057440873252e-04,7.905886304737449921e-08,3.617454797988986731e-11,1.155426196487729560e-10,7.189750920556069375e-21,3.229741482019114443e-14,2.026551049120631419e-21
8.513321095408158713e-04,4.325065116097068316e-08,3.681751719195762988e-11,9.296883578992226786e-12,-1.407954441497440511e-22,1.032283285090488739e-15,-9.879933835622140097e-23
1.635171786164194008e-03,4.087247337437852291e-07,2.723643750125213131e-11,2.455868823553709809e-10,1.611532152994842720e-20,1.023234328768548811e-13,1.198850245433181245e-20
1.576148717797033055e-03,8.452090286133851595e-07,1.013855007237175140e-09,1.313388099612392538e-10,-4.790103936550785170e-20,-1.165161144012016284e-13,1.568167103468551871e-21
1.931749095879885161e-03,1.638327362916982920e-08,1.015886456153573428e-08,2.298627595796539786e-08,3.431014361903719089e-16,2.526127561969173066e-12,-7.525410937468344710e-17
9.637156570835406525e-04,2.104519672547981218e-07,4.360878910339736719e-11,5.157261008993816247e-11,5.773678941856899240e-22,6.399573821391099485e-15,-2.376644498246845161e-21
1.293349905543091094e-03,4.626983580903610580e-07,1.235973559821998757e-09,6.236414586399236006e-11,1.700298770662250238e-20,-3.514868702722424318e-14,-3.268993780534069246e-21
1.806659496990414924e-03,7.870993854547031345e-08,3.097857172714324834e-09,9.066171411802522308e-09,4.804478131563383958e-17,2.352781419796542417e-12,4.652671968143502184e-19
5.619696583685583786e-03,4.686364316905721614e-07,7.653012097419402944e-08,3.264198487978789191e-09,-5.158759604907286145e-17,1.876822553510013229e-12,6.619329648503999234e-19
1.192046089715143725e-03,4.669296727609300241e-08,1.433197124609566912e-09,3.312913706124591076e-10,1.684546110079154915e-19,1.674689624232235120e-14,1.540612572606528361e-19
1.096916122245505899e-03,3.491275666032628623e-07,2.864711090363191041e-10,5.269812648041201144e-11,6.160911639963404218e-21,-2.665391776822727043e-14,1.991863320628570468e-21
1.122556701746350079e-03,9.630871424341308939e-08,1.338011653739839807e-10,3.668032925566493738e-11,-2.497318063634746056e-21,-8.407410895829028632e-15,-6.055413667349534303e-22
9.143227821402744948e-04,1.317123856647637411e-08,2.921776945852768312e-11,5.898408282389676083e-11,-2.308332050832642171e-22,6.510622223544558403e-15,-2.437740131318632495e-21
8.900398868929243566e-04,3.937605220853460780e-09,2.404619394630388763e-11,3.502939679050781321e-11,-4.333303497293602971e-22,-2.195911798671039452e-15,-9.196767602631602060e-22
1.035181841978737201e-03,1.282272653892260876e-08,1.187160457943594974e-10,8.256847502202449557e-11,6.803829971929498715e-21,1.239834828325392059e-15,4.531548951739347996e-21
1.311488514063252446e-03,1.468684596311986450e-09,1.283153643605567733e-10,1.661927653190010497e-10,-1.546890703276590058e-20,4.833547145088759022e-16,-1.870060215659358313e-20
1.110507414612835978e-03,8.565530860772254163e-10,5.579317559956324202e-12,4.162091276951059862e-11,3.085947704828025036e-22,-1.099125790652978572e-15,-5.541097671749381290e-22
1.089752192863402370e-03,7.276093910664784308e-08,6.126627265523913333e-11,3.025855409921920904e-11,-1.278389235076627503e-21,-7.899812434223422871e-15,-2.510970690233679963e-22
2.461995100218040272e-03,3.358359603610611652e-06,3.430325349427838600e-09,1.044344893495754978e-08,6.250755986165154619e-17,1.889759481138155771e-11,-1.362791282456354804e-19
2.255262670190447041e-03,2.890616971597858886e-06,2.933081559057185627e-09,3.377197219378084157e-09,1.053546123886203277e-17,5.636800452674586557e-12,1.407811497515401789e-18
1.592011972331287828e-02,1.884183028954763441e-04,8.337654465134365804e-06,1.348553606242866606e-05,1.413020214042844108e-10,1.850282535360739956e-07,-2.194608124932926037e-11
1.035126690167448293e-03,1.468701187644316331e-08,2.034370865213225633e-11,7.667188360590592125e-11,2.898955137322842495e-21,7.633374593091808962e-15,8.748763303295701213e-22
1.070137179282319977e-03,2.900162372367317266e-08,2.050550800001659248e-12,2.255310582103843275e-11,3.843243629786349601e-23,-3.451511211583150485e-15,1.484782131718158281e-22
9.462716565408848569e-04,1.976713581551464377e-08,1.530818872852222925e-11,3.095207480975327625e-11,6.681197229364641274e-22,7.189033678473594101e-16,-8.689331204018911378e-23
8.592964223112215362e-04,1.993059450452502045e-07,5.013595829236337548e-11,2.247420765069681523e-13,-7.147359235837046813e-25,6.216892411982704355e-17,-2.413934083801395666e-25
1.268061834600269768e-03,4.001504340671023661e-08,2.174853864741831091e-12,1.439727363531220569e-10,-7.917562134786630269e-22,-2.645552440109817918e-14,2.421469192491920015e-21
1.044422968572694633e-03,2.886372782713390191e-08,7.447539546853016454e-11,6.517196304063423485e-11,1.958752747124745426e-21,-7.932864932450254813e-15,4.096199691276497561e-21
8.402860698617958032e-04,5.740676913760855401e-09,1.596675566926328754e-10,4.143412337557459880e-11,3.050396439351556402e-21,1.550614879347137606e-15,-1.432759995591544051e-21
7.773845020470550749e-04,1.411405124089076663e-08,4.229878584691103191e-12,9.824609538264369224e-13,4.891521351736532440e-25,-7.760338229229404647e-17,1.942144538004494019e-24
9.974806917700004653e-04,2.033841101937755605e-07,2.497089820567043652e-11,2.529960009837568003e-11,2.227879593596296995e-23,-3.261075729003584772e-15,-6.355077673850178095e-22
1.113312691483345392e-03,5.182227940091017709e-09,8.519093273750896767e-12,7.443111488909842100e-11,-1.858948183577192913e-21,-3.812737593475401803e-15,-2.390400345079739745e-22
1.631944727076131913e-03,8.093480242228340495e-09,9.537338961548149155e-10,2.851242378631447899e-09,4.091600229227447448e-18,6.451420113299697763e-14,2.316419294552822535e-18
1.312735212275046703e-03,1.147010959698689668e-07,2.919712072358735047e-10,2.848434572557348748e-10,8.176430710175427619e-20,6.764833065184388662e-14,7.895870440018015089e-21
1.002038181845461883e-03,6.381090489751461267e-08,6.866155020168401091e-10,2.577243894420121126e-10,1.029052324296136192e-19,2.553209302930866099e-14,-3.412277312103743779e-20
1.662172801901760661e-03,4.106247482251322766e-07,4.700401626147116002e-09,2.953734363102511161e-09,9.501611895897951265e-18,8.704841353576160551e-14,-5.554159706693115645e-18
1.263807961821654478e-03,3.299370941425426171e-07,3.995421096377165025e-11,7.935948132059799175e-11,4.363811653005987861e-21,-2.364408710849049111e-14,-9.624303428103085862e-22
1.575457236698768384e-03,3.562171960812185439e-09,1.386120475314679371e-10,5.040977338793160483e-10,-1.301609744600085113e-19,1.571618211829036263e-14,2.853285666061219837e-20
1.200185600533090584e-03,4.340597932334892647e-08,6.212697925853481307e-11,7.897812086901252748e-11,2.221555735711707712e-21,-9.347489453464443654e-15,5.066583760999782422e-21
8.596507444683652074e-04,2.195493054365194194e-09,8.566019656065136250e-11,2.663579835507340638e-11,1.249313666538887765e-21,4.680328317939805510e-16,2.407324141465068466e-22
9.027350323112537118e-04,1.322064011657320132e-08,9.636729361054495731e-12,1.294221073707542013e-11,1.424612302302090539e-22,-7.626832541506513170e-16,-2.440486667732336027e-23
1.359379962097303704e-03,3.465142965040829291e-07,4.617597729796602572e-10,2.038537826776905917e-10,5.799900885917997336e-20,9.546388107272347724e-14,2.340677115576420416e-20
2.288678293851726525e-03,1.285090340137339713e-06,6.360197581140110475e-09,6.362130480327792547e-09,4.047009569210211338e-17,6.733454613266501570e-12,1.928342147307670239e-19
1.423040140103076041e-03,1.801518949568850440e-07,2.171599373389294870e-10,7.542032250100259309e-11,9.524620386607074338e-21,3.099752759257316238e-14,1.563619642388513171e-21
2.195685477027149290e-03,1.122104748183133275e-06,5.107845016685111788e-09,2.597390384272953551e-09,9.433864101814617171e-18,2.714490864973430147e-12,7.124891830425588313e-19
1.205108066891511301e-03,1.196704266571813340e-07,3.171230752475082952e-10,9.283089219424775586e-11,1.374255019736561764e-20,3.027341846096123003e-14,8.051926652241713404e-21
1.317038010428575514e-03,2.998314184518882268e-07,2.988599407899315646e-10,7.711558227586221075e-11,1.152993560429454432e-20,4.122894110646601788e-14,2.028632008893361094e-21
1.412794688704302557e-03,1.318756868984651931e-07,7.404137567952862364e-10,2.728573399046547854e-10,1.155633463838726802e-19,9.420069651390969043e-14,4.106428405406234288e-20
2.470705227130470805e-03,2.166101106850417151e-06,1.496117634696786514e-09,6.458790851377581472e-10,6.305128987799553663e-19,8.671692243426495905e-13,7.456284617315018746e-20
1.984328815997850066e-03,1.253328673124028776e-06,3.453148023293733195e-09,2.303289323222879802e-09,6.463496591290648322e-18,2.536813225050145215e-12,6.466695025804944613e-19
2.510116301286201453e-03,1.509838196229047655e-06,8.446434630360262031e-11,6.491192744201443274e-10,8.173888952089503365e-20,7.806296633077544736e-13,-1.281429417984208819e-19
1.276049994457592249e-03,5.721142365689982662e-08,3.681005067232074430e-10,1.248558811811254538e-10,9.611128548165101387e-21,1.915509888177175260e-14,2.498176630248365413e-20
2.160636655486547052e-03,1.591626264827308216e-06,1.009462783478337462e-11,5.615707791293779914e-12,-2.992522918914605587e-23,-2.794463287243519087e-15,2.987002565505178858e-23
1.577512417353206997e-03,4.525988708999947345e-07,4.839168547635587663e-10,2.118959491273468793e-10,6.751462069972313407e-20,1.420313129652376502e-13,6.768456243783197825e-21
1.527011848831533267e-03,7.281150812674766015e-08,5.403606367838662959e-10,1.664822272847941000e-10,4.823054701504967783e-20,3.942360645148296060e-14,1.293011298438476770e-20
1.764821138478369147e-03,3.356977105645435150e-07,3.455765658349004775e-12,4.601010415086489389e-10,1.656538676005314573e-20,2.438559142810514748e-13,-7.885434235664357568e-21
2.103754287692226593e-03,8.654793840371385636e-07,4.378501390379673332e-09,3.726774663276613802e-09,1.496106891862918963e-17,3.439114834697833021e-12,1.673418200215506960e-18
1.654792283685723765e-03,3.810312127467852948e-07,8.533646865139624353e-10,2.935598917469118207e-10,1.206208145872692427e-19,1.362207985599534073e-13,8.390015610327879359e-20
1.534652016563758676e-03,4.004320719268733081e-07,1.103616177160921443e-09,2.700860585748226262e-10,1.350288083551218563e-19,1.620566105517320031e-13,5.924926937878006700e-20
2.841473656656540517e-03,1.424388224754022299e-06,2.615078249322366085e-09,1.221649692845764019e-09,2.166811229507211178e-18,1.378014078016170146e-12,-2.698202656715850697e-19
1.288218732821555870e-03,6.070736580787485510e-08,1.619710729575951058e-10,9.530187688997563490e-11,1.021732887941593675e-20,2.204503633609174527e-14,-5.983660359573264935e-21
3.337889128165709516e-03,4.655759447930843814e-06,2.039212808523661628e-09,9.747751588107787353e-10,1.251732991033169393e-18,2.035276320724718303e-12,5.673806023678713321e-19
1.153908735559574551e-03,1.437965593342400369e-07,2.021123621399312431e-10,2.843815204965994347e-11,1.682198268737514159e-21,9.540962884575320480e-15,1.348532322507737903e-21
1.410388971250928040e-03,3.870002866983118450e-07,3.591747542149782990e-10,1.245483718079601620e-10,2.628825851473854989e-20,7.126568771200797660e-14,1.692436213115561076e-21
1.245727062761636458e-03,4.160147394593488155e-08,4.010960739371562310e-10,1.050162106968409743e-10,1.977487391966927357e-20,1.521831175478079671e-14,8.572531274722680011e-21
1.424293107759316314e-03,1.490278479512645902e-07,5.923951981138546626e-10,1.999801787357195655e-10,6.264095420983774326e-20,7.281154263205355261e-14,2.852829363313958904e-20
2.255148577690623858e-03,7.706053360776841033e-07,2.719142419222733024e-10,8.440873140130685395e-10,-4.031720726904371049e-19,6.720668622367214864e-13,3.132114031438978518e-20
1.249974004776772778e-03,1.526489024600987623e-07,2.072207198986388500e-10,4.879263647250720517e-11,3.355251034862687876e-21,1.795147053103699917e-14,-3.579580408596427823e-21
1.706393432321155930e-03,2.135074138149166309e-07,1.719862823005122395e-09,8.102629146975713019e-10,8.696214125833085105e-19,3.538271230909990430e-13,3.983146075993258132e-19
2.358661498529118772e-03,4.541360139057232300e-07,2.497282488962408640e-09,4.340927533878454036e-09,1.411776811456489254e-17,2.923993481870471221e-12,2.227925472206534595e-18
1.930057913429002354e-03,8.569798653344793628e-07,2.031854252734240013e-09,1.221657936695100182e-09,1.924525342132442974e-18,1.130005074996361630e-12,-2.833716136632477730e-20
1.713897148673397628e-03,3.584102196233369903e-07,5.460864315045610315e-10,1.230099476075370169e-10,2.521694713018520343e-20,3.846848578882242198e-14,1.950759776595430257e-20
1.498215169067598686e-03,3.436854154653801440e-07,6.264162722759307149e-10,2.169687660524215373e-10,7.976530751767171442e-20,1.267201042052142211e-13,5.970736971315989909e-21
1.569831118806677001e-03,1.337246724073843765e-07,7.690321939081116005e-10,5.627056375286358231e-10,3.689676460114893067e-19,1.923371295366856230e-13,-2.973635246350753615e-20
1.423690576430425552e-03,1.865487216152135876e-07,5.846474737347524594e-10,1.805256973370031397e-10,5.434317879271551784e-20,7.486690678070254585e-14,2.205548702509955348e-20
1.729734389859798657e-03,3.981379559424644274e-07,2.386083378300874094e-10,5.320970512596579787e-10,1.856893167478814437e-19,3.289904132219266562e-13,3.828977485322094194e-20
1.315776305103889690e-03,1.731270709119782471e-07,3.291123129898327084e-10,8.791205684036104519e-11,9.457469230853412987e-21,1.419494849094637387e-14,1.158297741404799496e-20
2.978840258851749891e-03,2.292432118375074343e-06,3.009123750389251346e-09,2.562915389810307235e-09,6.639981142499655329e-18,3.410658090122080991e-12,-2.562819874291197378e-18
1.572898765785557670e-03,5.604522945603265114e-07,2.967496178436633896e-10,1.218427769879796051e-11,-3.297832717810196383e-22,-6.193238588998742921e-15,-6.542282472190505319e-22
2.786282107306607778e-03,1.888751806340337106e-06,1.828976967786040721e-09,1.913810212781804818e-10,1.022315336396760727e-19,2.210784867907593822e-13,4.867453024497337690e-20
1.477305187970136789e-03,9.048253014843626991e-08,9.524670140359476310e-10,1.444933822162269354e-10,4.266810303710883900e-20,3.669030494595014246e-14,3.244715621994507876e-20
1.419970649946601746e-03,2.121702309758911833e-07,2.825101621613078243e-11,8.395705170662889716e-11,-2.724045891456585777e-21,3.740863445313180915e-14,-3.049326744499033092e-21
1.664040021559636331e-03,1.410373158389808655e-07,1.435420864555935139e-09,3.922976491966455550e-10,2.749547495691334764e-19,1.467383483655531537e-13,1.051732835461849661e-19
2.092906276321591322e-03,6.018877922238045104e-07,8.133902102897898742e-12,4.228952698202362091e-10,-7.254985693030308598e-21,3.182093467025802909e-13,-2.371789210215308324e-20
1.906774245948610405e-03,5.878402742873788928e-07,7.571731642911605174e-10,3.749141865103097182e-10,1.963171665306988752e-19,2.870293232778977656e-13,3.689469300432069958e-20
2.439967067946926648e-03,2.694547910597791954e-06,6.747137522796526883e-10,5.983916331940220307e-10,3.699686983848169103e-19,8.753403912512783210e-13,8.770672382465928451e-20
2.253226246475858920e-03,1.477387153352751654e-06,1.344365827693690187e-09,3.590585498165357364e-10,2.488482782566572806e-19,3.765807029066077069e-13,-1.750617474174270124e-20
4.292901206203706028e-03,8.037488317324179406e-06,4.456365505574040310e-09,1.594881218779147170e-08,1.344031679814511746e-16,4.425532655986444812e-11,-3.798909583133178823e-18
3.226220972022259686e-03,1.223169119705365728e-06,5.739330686670079851e-10,2.901311477839531791e-09,2.820611649305416305e-18,3.025098749960653375e-12,-2.461869768826244955e-18
1.538014325367650231e-03,3.163412967529657317e-07,5.028975028234991504e-10,1.542182908650987463e-10,3.890776881389759977e-20,6.603048777462025364e-14,-1.818575067970901082e-20
2.226070412693158425e-03,7.149994505488536859e-07,1.343731679341737433e-09,1.968510934767728498e-09,3.088950556746532596e-18,1.500562686115075852e-12,-8.416864239559396444e-19
1.399897148369727302e-03,1.269749948104707587e-07,9.262393813756582040e-11,4.840848864119065156e-11,1.309617601460558583e-21,9.683443700877417989e-15,2.965151167193485331e-21
1.676231333428066655e-03,4.176809182387834716e-07,2.016262489744923661e-10,1.733386032863572302e-10,3.076732147877481997e-20,1.063006027657271405e-13,1.017238750904330117e-20
1.560057384669607042e-03,4.637398183061454180e-07,8.824553479566388289e-10,2.467516095671868820e-10,1.139812580323798291e-19,1.675057987550593861e-13,1.631291670502827526e-20
1.041204171988156357e-03,3.355484361522876381e-09,1.198293510623182702e-10,1.856475156483676678e-11,-3.525428278454718098e-23,6.425359327137446499e-16,8.749092878920094988e-22
1.329749785163393799e-03,1.794452667958206886e-07,5.316620727757422922e-10,2.190356162803205007e-10,7.173610138236239853e-20,8.356255024925841961e-14,2.099875063435177147e-20
1.258228848567324604e-03,2.514481348901934043e-07,2.732229975584171778e-10,4.175928913769509202e-11,3.637231641093480845e-21,1.944276394627214598e-14,2.582061081955955398e-21
2.165508919539337485e-03,1.275864282831210543e-06,2.031143871668569863e-09,2.676127305921887137e-10,1.960758987293689694e-19,2.816872575360231264e-13,2.195776951682993268e-20
1.095233496202970567e-03,6.109512859065590652e-08,3.185670296854394040e-11,2.043227095499692203e-11,-4.769936383150246335e-22,1.474571773037226004e-15,2.102743445029746039e-22
1.442039270308488694e-03,5.688929189832399921e-08,1.100162627375960466e-10,4.536694778963419566e-11,-1.188541669018994765e-21,6.413760221428857718e-15,-2.976550864762142615e-21
1.225201374960028719e-03,1.628852475249895798e-07,9.372379298691728493e-11,1.860001018173157253e-11,2.908695146882294455e-22,6.712082468667854877e-15,7.200659882875090599e-22
1.838639216534739777e-03,2.575860065903735301e-07,8.703884714584679386e-10,6.065219478172339297e-10,4.396857962708959943e-19,3.072779223405946841e-13,2.963023980016892923e-20
1.390168121513696026e-03,3.407292396900909241e-07,8.982994405703049231e-10,2.245837115420373851e-10,1.001429098936957497e-19,1.292132964855355811e-13,-1.212026254495770347e-20
1.549285350598377225e-03,3.191225800901723251e-07,5.725273304582253689e-10,2.612319146578157364e-10,9.886734381034190341e-20,1.244910320027690140e-13,2.077747089300651187e-20
1.568362029654147855e-03,2.801391727377585832e-07,9.005456019922400010e-10,3.332395169278093404e-10,1.777477349539472297e-19,1.668303506851272684e-13,4.160684408720466022e-20
1.323812706015261610e-03,5.982899039687649603e-08,1.487270418805972039e-12,1.062453459632575516e-10,-1.287203845438476317e-21,2.487639842162904706e-14,-3.560863995742291809e-22
1.687974951576195082e-03,1.094995406214514041e-07,3.491686994472402201e-10,3.721905859275072339e-10,1.251835055777795588e-19,1.132629972400417891e-13,4.828595514032778355e-20
1.789331023773806182e-03,7.018651007625684206e-08,3.439685488078816271e-10,1.115303087723965579e-09,6.868225607626071750e-19,2.593423493884919668e-13,-7.396950520816139841e-20
1.505065125329830156e-03,1.537844782152580009e-07,3.235269491126702546e-10,2.001534548532245155e-10,4.875795077715752632e-20,7.251734659478994085e-14,1.472548861210474750e-20
1.536659334158485719e-03,2.270497917619874457e-07,1.344670909138496656e-10,7.588273756414446459e-11,4.258215359464395853e-21,3.605179882451039390e-14,6.373587856549509194e-21
1.941579516005477847e-03,1.078963266404549404e-06,6.390541204155461034e-10,1.857386530967567260e-10,6.260206000429409360e-20,1.791055809689008694e-13,1.326248601382368584e-20
2.699414968448252822e-03,1.717465847438899819e-06,1.582103730304699026e-09,3.656923154196120564e-09,8.794493478213807842e-18,4.785717336932288746e-12,-1.692369083083306686e-19
2.720834047156425566e-03,1.412606121480944995e-06,1.683559826314901265e-09,1.632088980392779581e-09,2.496338467423577194e-18,1.884177787628834683e-12,1.042801134539707426e-18
2.311269304385119017e-03,5.865909329995916871e-07,1.058236554728980803e-09,6.132110300147135088e-10,4.355530486657798285e-19,3.970880895997464719e-13,2.330372413669373148e-19
1.862024018538978613e-03,1.007795217214209999e-06,1.326531547500868835e-09,4.854781772184347099e-10,3.876643855489023690e-19,4.844577019709096975e-13,3.873729848826128549e-20
1.724056039390105179e-03,4.290971419574563473e-07,4.556924749560849483e-10,2.239832713435804466e-10,2.302181647960190217e-20,1.418167664605269593e-13,-6.775374157844650329e-20
1.458997872376939639e-03,3.347756436055029134e-08,2.106344375529135223e-10,1.144812932003469492e-10,1.259339508823708479e-20,1.852356389945643863e-14,1.254750099076568975e-20
1.533150415924354470e-03,4.289304120307011615e-07,5.451032877612814605e-11,7.480787009865639338e-12,-1.381143552272203312e-22,-4.615292962406304584e-15,6.119386596671118451e-23
1.642425681638109980e-03,6.407282448031886460e-08,1.193637046296344215e-09,5.589093339267416559e-10,4.417480156473252933e-19,1.204704663453328556e-13,1.151436004094852970e-19
2.480510623045957715e-03,2.126323016455971315e-06,1.505645543229602678e-09,1.141162619320309521e-09,1.491056241954490139e-18,1.261967898503314549e-12,-1.194285860670008888e-19
1.227069186031131375e-03,1.617496826087857274e-07,2.534410662501706828e-10,2.671709773340800661e-11,1.995521857079594325e-21,1.019727070687513816e-14,9.226074189122792606e-22
4.143996282000567480e-03,3.529097673809240182e-06,2.333051264787278918e-08,4.046182387068033542e-08,1.223069562411300334e-15,7.428584570652079291e-11,2.226456582706142289e-16
1.366631186792995230e-03,4.381478447951590119e-07,5.959284663829646263e-10,1.500655867748468111e-10,3.554536716345442687e-20,7.847228895236579264e-14,2.739388326339119137e-20
1.124352058611596816e-03,1.595367940859465025e-08,9.596436754635849888e-11,1.668387775455995440e-11,-5.395228582276833703e-22,4.188054377824807645e-17,3.931569185788668682e-22
3.757723962789422979e-03,5.822035005631866401e-06,8.226060403552487353e-09,4.174529442035019863e-09,2.431920985778115205e-17,9.949214940922487042e-12,-2.647183082914457536e-18
1.313256502309612366e-03,2.094180131560428948e-07,3.392029606766717187e-10,2.899155834837066863e-11,1.944732518124569426e-21,1.228985473640832246e-14,2.117454627998673209e-21
1.628130788843672010e-03,7.277485081987811917e-07,6.214782366731271659e-10,4.284956892311941438e-10,2.206155128444348527e-19,3.435372595172294265e-13,-1.496297858148884429e-20
1.384776027502311298e-03,9.847441305768094674e-08,3.933577825508062300e-10,1.650088073730973308e-10,3.149700852090330678e-20,4.908320664786175711e-14,2.784301989962706716e-20
1.698303517240711599e-03,6.381592774371574787e-07,1.227701351198857704e-09,2.529143017262891640e-10,1.394920587371113177e-19,2.011657039936384298e-13,2.008742451606771467e-20
1.983416873049984302e-03,1.151762898015313524e-06,1.487785056672363864e-09,5.900964146591482489e-10,5.464928223969304568e-19,6.210790573890515087e-13,8.399539019940989806e-20
1.651092346156750670e-03,5.256143832247434343e-07,1.865090484593969926e-09,8.897102195042853097e-10,1.115872150553008836e-18,5.881491466666831509e-13,2.614888605869671431e-19
2.131171076656345614e-03,8.365207638095887878e-07,2.702434637255858649e-09,1.509410108491192097e-09,3.013790029892904830e-18,1.296043613373973735e-12,4.588240771561974716e-19
1.603368969470861209e-03,7.058866396697974049e-08,5.453082468469666022e-10,3.483491581356398195e-10,1.372108838348264666e-19,8.978093084198490017e-14,6.499224886029241978e-20
2.652242406232544966e-03,3.911077459456101507e-07,9.794975715665240631e-10,2.311438805149192760e-09,3.379084472563699913e-18,1.298355622394202782e-12,8.234274883611710918e-19
1.448863911151529547e-03,2.058374211204049764e-07,1.504482575592580148e-09,7.242481939170737326e-10,7.513181481098666598e-19,3.221372932685064468e-13,8.405187542029260739e-20
1.330916180372271503e-03,3.816623928239779934e-08,1.430173745170095806e-10,1.092767887567536314e-10,1.155537691890555408e-20,1.560496528119655062e-14,7.286936755218302242e-21
3.654336110891141538e-03,4.926097995870431992e-06,9.703779774491749726e-09,6.392529739531218269e-09,5.032860428988945299e-17,1.418785624771233180e-11,-1.386393348049239471e-18
1.566384371527251547e-03,3.566843702523737562e-08,5.289086328228298212e-10,3.932982450430233340e-10,1.714589611052465773e-19,7.022337258512361821e-14,5.271535287898112226e-20
4.665083291795444134e-03,3.828255410916916635e-06,1.700902530223587591e-08,2.872315191944657180e-08,6.329869733692713804e-16,5.457907260207642517e-11,-4.891903075796695883e-17
1.217508812555145956e-03,1.382204119221161562e-07,6.202661181756878006e-11,1.290839068540475951e-10,1.117663567048346530e-20,4.269407861898203495e-14,2.914558555057360365e-21
1.827964326653642568e-03,5.473570037350224022e-07,4.480540795612626240e-10,3.873472595860363836e-10,1.289205148503469862e-19,2.525513794449533758e-13,9.705130800580331131e-20
1.208980526717239610e-03,8.762640806039564213e-10,1.175959061197301172e-10,7.203195573752985355e-11,-1.692989490467483290e-21,2.108386718222337970e-15,6.409734128210428597e-21
1.334425558972866018e-03,1.980638285773302229e-07,5.910525292961354122e-10,1.498766899145614895e-10,4.084011059159338045e-20,5.346184011120604702e-14,1.794358134695638741e-20
1.743080082589132298e-03,3.749707911400248555e-07,1.278250223298074313e-09,1.036590552798749684e-09,1.189063852079109264e-18,5.875289698720356973e-13,9.944784724106935031e-20
2.010209070787177116e-03,1.050331666151687948e-06,2.954959608865749698e-09,7.206975790418486519e-10,1.046208308554328789e-18,7.347500876828590427e-13,1.076559692957492976e-19
1.991352639511060046e-03,1.746032641701348386e-06,1.470593361634683748e-10,4.627837959306485547e-11,8.836888853709662631e-22,-3.777411452525201854e-15,3.714123559739328590e-21
1.329481254379993828e-03,1.148003754546469654e-07,6.356445344174030743e-10,6.744371654882792722e-11,8.067256480902605679e-21,1.633993163769307030e-14,1.139830047947918448e-20
1.514605749260071986e-03,1.857051685994344517e-07,2.903623949209189347e-10,3.140356818782602206e-10,9.396973573015747901e-20,1.322937803363360958e-13,1.273282667469900996e-20
2.110370318104937658e-03,2.035611280748866791e-06,2.250446694049668510e-10,1.684037734096459294e-10,3.275283560344870667e-20,2.392170989215771165e-13,1.429394063778505629e-21
4.169056970051909436e-03,6.494738673790960046e-06,1.207710659409716349e-08,1.537955961813967095e-09,6.577355547875185940e-18,1.631156592765362187e-12,-8.196171199975903072e-19
1.551040322536773389e-03,3.618202192964209471e-08,7.160122094711572883e-10,4.490086894057261919e-10,2.512503622082833086e-19,7.703437554469096340e-14,4.110498205310048043e-20
1.022233932575737116e-03,4.834196566920218745e-08,1.920723367613305669e-10,4.471111425440745917e-11,3.657118119075321566e-21,8.573585467370271998e-15,1.947602321946943740e-21
1.900734591786011965e-03,7.471656008811805113e-07,4.391408595284214899e-10,4.950058219323796493e-10,2.266127655468608960e-19,3.841779275568300141e-13,4.371242328066454628e-20
